{
  "source": "notebook:X_test_scaled,y_test",
  "split": {
    "test_size": 0.3,
    "random_state": 42,
    "stratify": true
  },
  "n_test": 231,
  "positive_rate_test": 0.5324675324675324,
  "recommended_model_id": "k-nn_(optimized)",
  "rows": [
    {
      "model_id": "k-nn_(optimized)",
      "model_name": "L2NN (Euclidean)",
      "accuracy": 0.9956709956709957,
      "precision": 0.9919354838709677,
      "recall": 1.0,
      "specificity": 0.9907407407407407,
      "fnr": 0.0,
      "f1": 0.9959514170040485,
      "auc": 0.9997741644083108,
      "tn": 107,
      "fp": 1,
      "fn": 0,
      "tp": 123
    },
    {
      "model_id": "random_forest",
      "model_name": "Random Forest",
      "accuracy": 0.9913419913419913,
      "precision": 0.991869918699187,
      "recall": 0.991869918699187,
      "specificity": 0.9907407407407407,
      "fnr": 0.008130081300813009,
      "f1": 0.991869918699187,
      "auc": 0.9998118036735923,
      "tn": 107,
      "fp": 1,
      "fn": 1,
      "tp": 122
    }
  ],
  "roc": {
    "k-nn_(optimized)": {
      "fpr": [
        0.0,
        0.0,
        0.0,
        0.0,
        0.0,
        0.009259259259259259,
        0.009259259259259259,
        0.3425925925925926,
        1.0
      ],
      "tpr": [
        0.0,
        0.8373983739837398,
        0.8617886178861789,
        0.943089430894309,
        0.975609756097561,
        0.975609756097561,
        1.0,
        1.0,
        1.0
      ],
      "auc": 0.9997741644083108
    },
    "random_forest": {
      "fpr": [
        0.0,
        0.0,
        0.0,
        0.0,
        0.0,
        0.0,
        0.0,
        0.0,
        0.0,
        0.0,
        0.0,
        0.0,
        0.018518518518518517,
        0.027777777777777776,
        0.09259259259259259,
        0.1111111111111111,
        0.12037037037037036,
        0.1388888888888889,
        0.2037037037037037,
        0.23148148148148148,
        0.2777777777777778,
        0.3055555555555556,
        0.32407407407407407,
        0.39814814814814814,
        0.46296296296296297,
        0.5092592592592593,
        0.6018518518518519,
        0.7129629629629629,
        1.0
      ],
      "tpr": [
        0.0,
        0.5365853658536586,
        0.5934959349593496,
        0.6341463414634146,
        0.6991869918699187,
        0.7317073170731707,
        0.7560975609756098,
        0.8048780487804879,
        0.8292682926829268,
        0.9024390243902439,
        0.9512195121951219,
        0.991869918699187,
        0.991869918699187,
        1.0,
        1.0,
        1.0,
        1.0,
        1.0,
        1.0,
        1.0,
        1.0,
        1.0,
        1.0,
        1.0,
        1.0,
        1.0,
        1.0,
        1.0,
        1.0
      ],
      "auc": 0.9998118036735923
    }
  }
}