{
  "k-nn_(k=5)": {
    "name": "k-NN (k=5)",
    "accuracy": 0.9675324675324676,
    "precision": 0.9873417721518988,
    "recall": 0.9512195121951219,
    "f1": 0.968944099378882,
    "auc": 0.996019647696477,
    "tn": 71,
    "fp": 1,
    "fn": 4,
    "tp": 78
  },
  "k-nn_(optimized)": {
    "name": "k-NN (Optimized)",
    "accuracy": 0.9935064935064936,
    "precision": 0.9879518072289156,
    "recall": 1.0,
    "f1": 0.9939393939393939,
    "auc": 0.9996612466124661,
    "tn": 71,
    "fp": 1,
    "fn": 0,
    "tp": 82
  },
  "linear_svm": {
    "name": "Linear SVM",
    "accuracy": 0.987012987012987,
    "precision": 0.9878048780487805,
    "recall": 0.9878048780487805,
    "f1": 0.9878048780487805,
    "auc": 0.9981368563685636,
    "tn": 71,
    "fp": 1,
    "fn": 1,
    "tp": 81
  },
  "mlp_(500-500-500)": {
    "name": "MLP (500-500-500)",
    "accuracy": 0.9935064935064936,
    "precision": 0.9879518072289156,
    "recall": 1.0,
    "f1": 0.9939393939393939,
    "auc": 1.0,
    "tn": 71,
    "fp": 1,
    "fn": 0,
    "tp": 82
  },
  "gru-svm_(proxy)": {
    "name": "GRU-SVM (Proxy)",
    "accuracy": 0.987012987012987,
    "precision": 1.0,
    "recall": 0.975609756097561,
    "f1": 0.9876543209876543,
    "auc": 0.9977981029810298,
    "tn": 72,
    "fp": 0,
    "fn": 2,
    "tp": 80
  },
  "random_forest": {
    "name": "Random Forest",
    "accuracy": 0.9935064935064936,
    "precision": 1.0,
    "recall": 0.9878048780487805,
    "f1": 0.9938650306748467,
    "auc": 0.9998306233062331,
    "tn": 72,
    "fp": 0,
    "fn": 1,
    "tp": 81
  }
}