{
  "radius_mean": {
    "min": 6.981,
    "max": 28.11,
    "mean": 14.97531812255541,
    "std": 3.7214207740481458
  },
  "texture_mean": {
    "min": 9.71,
    "max": 39.28,
    "mean": 20.06057366362451,
    "std": 4.492087611179433
  },
  "perimeter_mean": {
    "min": 43.79,
    "max": 188.5,
    "mean": 97.87741851368972,
    "std": 25.609880734561337
  },
  "area_mean": {
    "min": 143.5,
    "max": 2501.0,
    "mean": 736.245110821382,
    "std": 377.84913624874645
  },
  "smoothness_mean": {
    "min": 0.05263,
    "max": 0.1634,
    "mean": 0.09799207301173403,
    "std": 0.013952135644375337
  },
  "compactness_mean": {
    "min": 0.01938,
    "max": 0.3454,
    "mean": 0.11422983050847457,
    "std": 0.054680249672796194
  },
  "concavity_mean": {
    "min": 0.0,
    "max": 0.4268,
    "mean": 0.10620975319426335,
    "std": 0.0828589947222301
  },
  "concave_points_mean": {
    "min": 0.0,
    "max": 0.2012,
    "mean": 0.058691739243807044,
    "std": 0.04106612056171559
  },
  "symmetry_mean": {
    "min": 0.106,
    "max": 0.304,
    "mean": 0.18415436766623206,
    "std": 0.02786841898261353
  },
  "fractal_dimension_mean": {
    "min": 0.04996,
    "max": 0.09744,
    "mean": 0.0627738331160365,
    "std": 0.007102407098549291
  },
  "radius_se": {
    "min": 0.1115,
    "max": 2.873,
    "mean": 0.45633050847457624,
    "std": 0.2988110423694348
  },
  "texture_se": {
    "min": 0.3602,
    "max": 4.885,
    "mean": 1.2291404172099087,
    "std": 0.5453173525776343
  },
  "perimeter_se": {
    "min": 0.757,
    "max": 21.98,
    "mean": 3.22471408083442,
    "std": 2.153947526551723
  },
  "area_se": {
    "min": 6.802,
    "max": 542.2,
    "mean": 48.05356975228161,
    "std": 47.93700179108032
  },
  "smoothness_se": {
    "min": 0.001713,
    "max": 0.03113,
    "mean": 0.006968925684485006,
    "std": 0.0029958075899296195
  },
  "compactness_se": {
    "min": 0.002252,
    "max": 0.1354,
    "mean": 0.02695504693611473,
    "std": 0.017996209907414854
  },
  "concavity_se": {
    "min": 0.0,
    "max": 0.396,
    "mean": 0.034179901694915256,
    "std": 0.02833211942902125
  },
  "concave_points_se": {
    "min": 0.0,
    "max": 0.05279,
    "mean": 0.012648831812255543,
    "std": 0.006173751741711167
  },
  "symmetry_se": {
    "min": 0.007882,
    "max": 0.07895,
    "mean": 0.020545541069100393,
    "std": 0.008617671687218637
  },
  "fractal_dimension_se": {
    "min": 0.0008948,
    "max": 0.02984,
    "mean": 0.0038444684485006513,
    "std": 0.0024828810145048385
  },
  "radius_worst": {
    "min": 7.93,
    "max": 36.04,
    "mean": 17.496074315514996,
    "std": 5.126723189227289
  },
  "texture_worst": {
    "min": 12.02,
    "max": 49.54,
    "mean": 26.829048239895698,
    "std": 6.414265535248577
  },
  "perimeter_worst": {
    "min": 50.41,
    "max": 251.2,
    "mean": 115.80246414602345,
    "std": 35.52284912528129
  },
  "area_worst": {
    "min": 185.2,
    "max": 4254.0,
    "mean": 1015.9499348109518,
    "std": 617.591380980144
  },
  "smoothness_worst": {
    "min": 0.07117,
    "max": 0.2226,
    "mean": 0.13535076923076925,
    "std": 0.02316628495348127
  },
  "compactness_worst": {
    "min": 0.02729,
    "max": 1.058,
    "mean": 0.2828774054758801,
    "std": 0.16621038104625604
  },
  "concavity_worst": {
    "min": 0.0,
    "max": 1.252,
    "mean": 0.31465311212516295,
    "std": 0.21263907164630172
  },
  "concave_points_worst": {
    "min": 0.0,
    "max": 0.291,
    "mean": 0.13117195697522815,
    "std": 0.06721992577549578
  },
  "symmetry_worst": {
    "min": 0.1565,
    "max": 0.6638,
    "mean": 0.29867926988265975,
    "std": 0.067112309326783
  },
  "fractal_dimension_worst": {
    "min": 0.05504,
    "max": 0.2075,
    "mean": 0.08572247718383313,
    "std": 0.01913774745542326
  }
}